{
  "bb_fold": {
    "E1": 0.025347724543572585,
    "E2": 0.5295537734698006,
    "E3": 0.1941759763829377,
    "E4": 2.5077205025029475e-09,
    "E5": 0.03273416272019713,
    "E6": 0.015015480056913357
  },
  "bb_raise": {
    "E1": 0.13332663818336624,
    "E2": 0.10666358926974492,
    "E3": 0.15763367356278196,
    "E4": 0.13802393198193352,
    "E5": 0.12626848969832288,
    "E6": 0.20754159017112228
  },
  "engine": "_rust.solve_hunl_preflop_rvr_class169",
  "iterations": 2500,
  "per_open_size_mass": {
    "E1": {
      "all_in": 2.0446392209608982e-08,
      "open_to_250": 0.4079298999319886
    },
    "E2": {
      "all_in": 7.32597823327679e-09,
      "open_to_500": 0.3203246006445857
    },
    "E3": {
      "all_in": 3.543300405970247e-09,
      "open_to_250": 0.3075218134814853,
      "open_to_500": 0.17479995248027952
    },
    "E4": {
      "all_in": 0.012802973091460517,
      "open_to_250": 0.16106417461913525
    },
    "E5": {
      "all_in": 9.531500748991367e-09,
      "open_to_500": 0.28665194420945495
    },
    "E6": {
      "all_in": 6.421162980170894e-09,
      "open_to_250": 0.23033472667780527,
      "open_to_500": 0.2879905803117604
    }
  },
  "sb_root_fold": {
    "E1": 0.15683943636171216,
    "E2": 0.21937987802800193,
    "E3": 0.23072412568889233,
    "E4": 1.0400232081458566e-08,
    "E5": 3.1264485645597726e-08,
    "E6": 2.90257175919728e-08
  },
  "sb_root_raise": {
    "E1": 0.4079299203783807,
    "E2": 0.320324607970564,
    "E3": 0.4823217695050646,
    "E4": 0.17386714771059586,
    "E5": 0.28665195374095537,
    "E6": 0.5183253134107287
  },
  "wall_per": {
    "E1": 0.6435151100158691,
    "E2": 0.545435905456543,
    "E3": 2.0926620960235596,
    "E4": 0.6428568363189697,
    "E5": 0.6434552669525146,
    "E6": 2.3226749897003174
  },
  "wall_total": 6.9002039432525635
}